air_temp,process_temp,rotational_speed,torque,tool_wear,type_m,type_h,prediction,probability
297.16,309.69,1350.0,55.36,112.0,0.0,1.0,0,0.00015272436
295.05,310.56,1918.0,19.9,83.0,0.0,0.0,0,1.5204332e-05
298.49,307.7,1679.0,41.81,210.0,0.0,1.0,0,0.052954197
300.93,306.63,1936.0,53.99,173.0,0.0,1.0,0,0.00039765943
296.04,312.1,1384.0,42.54,2.0,0.0,0.0,0,6.828507e-08
299.95,308.82,1332.0,40.69,126.0,0.0,0.0,0,0.00018033313
